actor,movie_or_TV_name
Fred Savage,Personal Info
Fred Savage,Known For
Fred Savage,Known Credits
Fred Savage,Gender
Fred Savage,Birthday
Fred Savage,Place of Birth
Fred Savage,Also Known As
Fred Savage,The Wonder Years
Fred Savage,The Princess Bride
Fred Savage,Austin Powers in Goldmember
Fred Savage,The Wizard
Fred Savage,Little Monsters
Fred Savage,Vice Versa
Fred Savage,Generator Rex
Fred Savage,The Boy Who Could Fly
Fred Savage,The Afterparty
Fred Savage,Home Movie: The Princess Bride
Fred Savage,What Just Happened??! with Fred Savage
Fred Savage,Once Upon a Deadpool
Fred Savage,The Conners
Fred Savage,Super Troopers 2
Fred Savage,Child Support
Fred Savage,Friends from College
Fred Savage,TV's Funniest Animated Stars: A Paley Center for Media Special
Fred Savage,The Grinder
Fred Savage,BoJack Horseman
Fred Savage,Happy Endings
Fred Savage,Mr. Sunshine
Fred Savage,Bob's Burgers
Fred Savage,Generator Rex
Fred Savage,Modern Family
Fred Savage,Holidaze: The Christmas That Almost Didn't Happen
Fred Savage,Crumbs
Fred Savage,American Dad!
Fred Savage,Justice League Unlimited
Fred Savage,The Soup
Fred Savage,Welcome to Mooseport
Fred Savage,The Last Run
Fred Savage,The Ellen DeGeneres Show
Fred Savage,World Poker Tour
Fred Savage,Jimmy Kimmel Live!
Fred Savage,The Rules of Attraction
Fred Savage,Austin Powers in Goldmember
Fred Savage,Wish Kids
Fred Savage,Area 52
Fred Savage,As You Wish: The Story of 'The Princess Bride'
Fred Savage,Oswald
Fred Savage,Law & Order: Special Victims Unit
Fred Savage,Family Guy
Fred Savage,The Jungle Book: Mowgli's Story
Fred Savage,Working
Fred Savage,A Guy Walks Into a Bar
Fred Savage,The View
Fred Savage,How Do You Spell God?
Fred Savage,No One Would Tell
Fred Savage,The Outer Limits
Fred Savage,Boy Meets World
Fred Savage,Late Night with Conan O'Brien
Fred Savage,The Tonight Show with Jay Leno
Fred Savage,Christmas on Division Street
Fred Savage,Runaway Ralph
Fred Savage,When You Remember Me
Fred Savage,Voices That Care
Fred Savage,The Wizard
Fred Savage,Little Monsters
Fred Savage,Seinfeld
Fred Savage,Run Till You Fall
Fred Savage,LIVE with Kelly and Mark
Fred Savage,Vice Versa
Fred Savage,The Wonder Years
Fred Savage,Dinosaurs: A Fun Filled Trip Back in Time
Fred Savage,The Princess Bride
Fred Savage,Convicted: A Mother's Story
Fred Savage,The Boy Who Could Fly
Fred Savage,Morningstar/Eveningstar
Fred Savage,The Twilight Zone
Fred Savage,Jeopardy!
Fred Savage,Saturday Night Live
Fred Savage,The Wonder Years
Fred Savage,Dash & Lily
Fred Savage,Indebted
Fred Savage,The Conners
Fred Savage,The Cool Kids
Fred Savage,Single Parents
Fred Savage,LA to Vegas
Fred Savage,Casual
Fred Savage,Sin City Saints
Fred Savage,Fresh Off the Boat
Fred Savage,Marry Me
Fred Savage,black-ish
Fred Savage,Garfunkel and Oates
Fred Savage,Playing House
Fred Savage,Bad Teacher
Fred Savage,Friends with Better Lives
Fred Savage,Growing Up Fisher
Fred Savage,Super Fun Night
Fred Savage,The Michael J. Fox Show
Fred Savage,The Crazy Ones
Fred Savage,The Goldbergs
Fred Savage,Best Friends Forever
Fred Savage,How to Be a Gentleman
Fred Savage,Whitney
Fred Savage,2 Broke Girls
Fred Savage,Friends with Benefits
Fred Savage,Franklin & Bash
Fred Savage,Happy Endings
Fred Savage,Breaking In
Fred Savage,Mr. Sunshine
Fred Savage,Perfect Couples
Fred Savage,Gigantic
Fred Savage,Sons of Tucson
Fred Savage,Blue Mountain State
Fred Savage,Big Time Rush
Fred Savage,A Very Sunny Christmas
Fred Savage,Modern Family
Fred Savage,Ruby & The Rockits
Fred Savage,Zeke and Luther
Fred Savage,Party Down
Fred Savage,Worst Week
Fred Savage,Wizards of Waverly Place
Fred Savage,Cavemen
Fred Savage,Aliens in America
Christopher Guest,Personal Info
Fred Savage,Daddy Day Camp
Fred Savage,Greek
Fred Savage,My Boys
Fred Savage,Ugly Betty
Fred Savage,Hannah Montana
Fred Savage,Kitchen Confidential
Fred Savage,It's Always Sunny in Philadelphia
Fred Savage,Zoey 101
Fred Savage,Unfabulous
Fred Savage,Ned's Declassified School Survival Guide
Fred Savage,Phil of the Future
Fred Savage,Drake & Josh
Fred Savage,That's So Raven
Fred Savage,What I Like About You
Fred Savage,All About Us
Fred Savage,Even Stevens
Fred Savage,Working
Fred Savage,Boy Meets World
Fred Savage,The Wonder Years
Fred Savage,What Just Happened??! with Fred Savage
Fred Savage,Garfunkel and Oates
Fred Savage,Best Friends Forever
Fred Savage,A Very Sunny Christmas
Fred Savage,Party Down
Fred Savage,It's Always Sunny in Philadelphia
Fred Savage,Phil of the Future
Fred Savage,What Just Happened??! with Fred Savage
Fred Savage,What Just Happened??! with Fred Savage
Christopher Guest,Known For
Christopher Guest,Known Credits
Christopher Guest,Gender
Christopher Guest,Birthday
Christopher Guest,Place of Birth
Christopher Guest,Also Known As
Christopher Guest,This Is Spinal Tap
Christopher Guest,Night at the Museum: Battle of the Smithsonian
Christopher Guest,The Princess Bride
Christopher Guest,A Few Good Men
Christopher Guest,Waiting for Guffman
Christopher Guest,Best in Show
Christopher Guest,Little Shop of Horrors
Christopher Guest,The Invention of Lying
Christopher Guest,Spinal Tap II
Christopher Guest,Mascots
Christopher Guest,Drunk Stoned Brilliant Dead: The Story of the National Lampoon
Christopher Guest,Misery Loves Comedy
Christopher Guest,The Invention of Lying
Christopher Guest,Spinal Tap: Back from the Dead
Christopher Guest,Night at the Museum: Battle of the Smithsonian
Christopher Guest,Mr. Warmth: The Don Rickles Project
Christopher Guest,For Your Consideration
Christopher Guest,Ricky Gervais Meets...
Christopher Guest,Mrs. Henderson Presents
Christopher Guest,A Mighty Wind
Christopher Guest,As You Wish: The Story of 'The Princess Bride'
Christopher Guest,Best in Show
Christopher Guest,The Early Show
Christopher Guest,Where Are They Now?
Christopher Guest,SpongeBob SquarePants
Christopher Guest,Dilbert
Christopher Guest,Small Soldiers
Christopher Guest,The View
Christopher Guest,E! True Hollywood Story
Christopher Guest,Waiting for Guffman
Christopher Guest,Spinal Tap: The Final Tour
Christopher Guest,Animaniacs
Christopher Guest,The Return of Spinal Tap
Christopher Guest,A Few Good Men
Christopher Guest,A Year and a Half in the Life of Metallica
Christopher Guest,Amnesty International's Big 30
Christopher Guest,Partners in Life
Christopher Guest,Hard 'N Heavy Volume 8
Christopher Guest,The Simpsons
Christopher Guest,Saturday Night Live: 15th Anniversary
Christopher Guest,"I, Martin Short, Goes Hollywood"
Christopher Guest,Sticky Fingers
Christopher Guest,The Princess Bride
Chris Sarandon,Personal Info
Christopher Guest,Beyond Therapy
Christopher Guest,Little Shop of Horrors
Christopher Guest,Billy Crystal: Don't Get Me Started
Christopher Guest,Martin Short: Concert for the North Americas
Christopher Guest,This Is Spinal Tap
Christopher Guest,St. Elsewhere
Christopher Guest,A Piano for Mrs. Cimino
Christopher Guest,The Million Dollar Infield
Christopher Guest,Heartbeeps
Christopher Guest,Likely Stories Vol. 1
Christopher Guest,The Missing Link
Christopher Guest,The Long Riders
Christopher Guest,Haywire
Christopher Guest,The Last Word
Christopher Guest,Blind Ambition
Christopher Guest,The Chevy Chase National Humor Test
Christopher Guest,CBS News Sunday Morning
Christopher Guest,Girlfriends
Christopher Guest,The Billion Dollar Bubble
Christopher Guest,How to Survive the '70s and Maybe Even Bump Into Happiness
Christopher Guest,It Happened One Christmas
Christopher Guest,The Andros Targets
Christopher Guest,Laverne & Shirley
Christopher Guest,Saturday Night Live
Christopher Guest,Saturday Night Live with Howard Cosell
Christopher Guest,The Fortune
Christopher Guest,Death Wish
Christopher Guest,Lemmings
Christopher Guest,The Hot Rock
Christopher Guest,The Hospital
Christopher Guest,All in the Family
Christopher Guest,Mascots
Christopher Guest,For Your Consideration
Christopher Guest,A Mighty Wind
Christopher Guest,Best in Show
Christopher Guest,Waiting for Guffman
Christopher Guest,Spinal Tap: The Final Tour
Christopher Guest,The Return of Spinal Tap
Christopher Guest,Morton & Hayes
Christopher Guest,The Big Picture
Christopher Guest,This Is Spinal Tap
Christopher Guest,The Chevy Chase National Humor Test
Christopher Guest,Peeping Times
Christopher Guest,Saturday Night Live
Christopher Guest,Saturday Night Live with Howard Cosell
Christopher Guest,Loudon Wainwright III: Surviving Twin
Chris Sarandon,Known For
Chris Sarandon,Known Credits
Chris Sarandon,Gender
Chris Sarandon,Birthday
Chris Sarandon,Place of Birth
Chris Sarandon,Also Known As
Chris Sarandon,The Nightmare Before Christmas
Chris Sarandon,Child's Play
Chris Sarandon,Fright Night
Chris Sarandon,Safe
Chris Sarandon,The Princess Bride
Chris Sarandon,Dog Day Afternoon
Chris Sarandon,Fright Night
Chris Sarandon,The Sentinel
Chris Sarandon,Shangri-La Plaza
Chris Sarandon,The Holiday Movies That Made Us
Chris Sarandon,A Virtual Princess Bride Reunion
Chris Sarandon,Disclosure
Chris Sarandon,Edgar Allan Poe: Buried Alive
Chris Sarandon,"You're So Cool, Brewster! The Story of Fright Night"
Chris Sarandon,I Smile Back
Chris Sarandon,Frank the Bastard
Chris Sarandon,Big Stone Gap
Chris Sarandon,Curse of Chucky
Chris Sarandon,Orange Is the New Black
Chris Sarandon,Safe
Chris Sarandon,Fright Night
Chris Sarandon,Multiple Sarcasms
Chris Sarandon,The Unusuals
Chris Sarandon,Cyrano de Bergerac
Chris Sarandon,My Sassy Girl
Chris Sarandon,The Chosen One
Chris Sarandon,Psych
Chris Sarandon,The Light in the Piazza (Live from Lincoln Center)
Chris Sarandon,The Making of 'Dog Day Afternoon'
Chris Sarandon,Loggerheads
Chris Sarandon,The Dead Will Tell
Chris Sarandon,Alpha to Omega: Exposing 'The Osterman Weekend'
Chris Sarandon,Race Against Time
Chris Sarandon,Cold Case
Chris Sarandon,The Court
Chris Sarandon,As You Wish: The Story of 'The Princess Bride'
Chris Sarandon,Rescued from the Closet
Chris Sarandon,Perfume
Chris Sarandon,Reaper
Chris Sarandon,Stark Raving Mad
Chris Sarandon,Law & Order: Special Victims Unit
Chris Sarandon,Judging Amy
Chris Sarandon,Let the Devil Wear Black
Chris Sarandon,Charmed
Peter Falk,Personal Info
André Roussimoff,Personal Info
André Roussimoff,Known For
André Roussimoff,Known Credits
André Roussimoff,Gender
André Roussimoff,Birthday
André Roussimoff,Day of Death
André Roussimoff,Place of Birth
André Roussimoff,Also Known As
André Roussimoff,The Princess Bride
André Roussimoff,Andre the Giant
André Roussimoff,Conan the Destroyer
André Roussimoff,WWE WrestleMania III
André Roussimoff,WWE Survivor Series 1987
André Roussimoff,WWE WrestleMania IV
André Roussimoff,Trading Mom
André Roussimoff,WWE WrestleMania V
André Roussimoff,Biography: WWE Legends
Christopher Guest,Mascots
Christopher Guest,For Your Consideration
Christopher Guest,A Mighty Wind
Christopher Guest,Ohh Nooo!!! Mr. Bill's Classics!
Christopher Guest,Best in Show
Christopher Guest,Almost Heroes
Christopher Guest,Waiting for Guffman
Christopher Guest,Attack of the 50 Ft. Woman
Christopher Guest,The Big Picture
Christopher Guest,Tall Tales & Legends
Christopher Guest,Waiting for Guffman
Christopher Guest,Attack of the 50 Ft. Woman
Christopher Guest,This Is Spinal Tap
Christopher Guest,Family Tree
Chris Sarandon,Felicity
Chris Sarandon,The Wild Thornberrys
Chris Sarandon,Little Men
Chris Sarandon,Road Ends
Chris Sarandon,American Perfekt
Chris Sarandon,Perversions of Science
Chris Sarandon,The Practice
Chris Sarandon,Bordello of Blood
Chris Sarandon,Edie & Pen
Chris Sarandon,Terminal Justice
Chris Sarandon,Vampires: Thirst for the Truth
Chris Sarandon,The Vampyre Wars
Chris Sarandon,When the Dark Man Calls
Chris Sarandon,No Greater Love
Chris Sarandon,The Outer Limits
Chris Sarandon,Just Cause
Chris Sarandon,Temptress
Chris Sarandon,ER
Chris Sarandon,Chicago Hope
Chris Sarandon,David's Mother
Chris Sarandon,Dark Tide
Chris Sarandon,The Nightmare Before Christmas
Chris Sarandon,Star Trek: Deep Space Nine
Chris Sarandon,Lincoln and the War Within
Chris Sarandon,Love & War
Chris Sarandon,A Murderous Affair: The Carolyn Warmus Story
Chris Sarandon,The Resurrected
Chris Sarandon,Whispers
Chris Sarandon,The Stranger Within
Chris Sarandon,Law & Order
Chris Sarandon,Forced March
Chris Sarandon,Tailspin: Behind the Korean Airliner Tragedy
Chris Sarandon,Collision Course
Chris Sarandon,Slaves of New York
Chris Sarandon,"Goodbye, Miss 4th of July"
Chris Sarandon,Introducing Chucky: The Making of Child's Play
Chris Sarandon,Child's Play
Chris Sarandon,Mayflower Madam
Peter Falk,Known For
Peter Falk,Known Credits
Peter Falk,Gender
Peter Falk,Birthday
Peter Falk,Day of Death
Peter Falk,Place of Birth
Peter Falk,Also Known As
Peter Falk,Columbo
Peter Falk,The Princess Bride
Peter Falk,Shark Tale
Peter Falk,Next
Peter Falk,Wings of Desire
Peter Falk,Undisputed
Peter Falk,A Woman Under the Influence
Peter Falk,Mikey and Nicky
Peter Falk,My Darling Vivian
Peter Falk,Peter Falk Versus Columbo
Peter Falk,Basketball: A Love Story
Peter Falk,Arthur Miller: Writer
Peter Falk,Lost Case
Peter Falk,And the Oscar Goes To...
Peter Falk,Char·ac·ter
Peter Falk,American Cowslip
Peter Falk,Next
Peter Falk,Three Days To Vegas
Peter Falk,Edge of Outside
Peter Falk,The Thing About My Folks
Peter Falk,Checking Out
Peter Falk,When Angels Come to Town
Peter Falk,Shark Tale
Peter Falk,Finding John Christmas
Peter Falk,Wilder Days
Peter Falk,The Ellen DeGeneres Show
Peter Falk,Wings of Desire: The Angels Among Us
Peter Falk,Jimmy Kimmel Live!
Peter Falk,Undisputed
Peter Falk,Three Days of Rain
Peter Falk,The Lost World
Peter Falk,The Lost World
André Roussimoff,WWE's Most Wanted Treasures
André Roussimoff,You Cannot Kill David Arquette
André Roussimoff,The Best of WWE
André Roussimoff,Randy Savage Unreleased: The Unseen Matches of The Macho Man
André Roussimoff,Andre the Giant
André Roussimoff,WWE Unreleased: 1986-1995
André Roussimoff,WWE Tribute to the Troops 2014
André Roussimoff,WWE: Presents True Giants
André Roussimoff,"WWE: 150 Best Pay-Per-View Matches, Vol 1"
André Roussimoff,The History of WWE: 50 Years of Sports Entertainment
André Roussimoff,Legends of Mid-South Wrestling
André Roussimoff,WWE: Best of WWE at Madison Square Garden
Mandy Patinkin,Personal Info
Mandy Patinkin,Known For
Mandy Patinkin,Known Credits
Mandy Patinkin,Gender
Mandy Patinkin,Birthday
Mandy Patinkin,Place of Birth
Mandy Patinkin,Also Known As
Mandy Patinkin,Criminal Minds
Mandy Patinkin,The Princess Bride
Mandy Patinkin,Wonder
Mandy Patinkin,Homeland
Mandy Patinkin,Smurfs: The Lost Village
Mandy Patinkin,Dead Like Me
Mandy Patinkin,Wish I Was Here
Mandy Patinkin,Dick Tracy
Mandy Patinkin,Death and Other Details
Mandy Patinkin,The Magician's Elephant
Mandy Patinkin,Benjamin Franklin
Mandy Patinkin,Indivisible: Healing Hate
Mandy Patinkin,A Virtual Princess Bride Reunion
Mandy Patinkin,Disclosure
Mandy Patinkin,Take Me to the World: A Sondheim 90th Birthday Celebration
Mandy Patinkin,On Broadway
Mandy Patinkin,Before You Know It
Mandy Patinkin,Harold Prince: The Director's Life
Mandy Patinkin,Life Itself
Mandy Patinkin,Wonder
Mandy Patinkin,Smurfs: The Lost Village
Mandy Patinkin,The Good Fight
Mandy Patinkin,The Queen of Spain
Mandy Patinkin,Cholesterol: The Great Bluff
Mandy Patinkin,Best Worst Thing That Ever Could Have Happened...
Mandy Patinkin,Ali and Nino
Mandy Patinkin,The Spymasters: CIA in the Crosshairs
Mandy Patinkin,The Late Show with Stephen Colbert
Mandy Patinkin,Wish I Was Here
Mandy Patinkin,Six by Sondheim
Mandy Patinkin,Homeland
Mandy Patinkin,Jock the Hero Dog
Mandy Patinkin,Sondheim! The Birthday Concert
Mandy Patinkin,4.3.2.1
Mandy Patinkin,Three Rivers
Mandy Patinkin,The Jewish Americans
Mandy Patinkin,Everyone's Hero
Mandy Patinkin,Choking Man
Mandy Patinkin,The Reichen Show
Mandy Patinkin,Criminal Minds
Mandy Patinkin,Remembering Ragtime
Mandy Patinkin,NTSB: The Crash of Flight 323
Mandy Patinkin,This Is the House That Jack Built
Mandy Patinkin,Broadway's Lost Treasures
Mandy Patinkin,Dead Like Me
Mandy Patinkin,Run Ronnie Run
Mandy Patinkin,As You Wish: The Story of 'The Princess Bride'
Mandy Patinkin,Boston Public
Mandy Patinkin,The Adventures of Elmo in Grouchland
Mandy Patinkin,Strange Justice
Mandy Patinkin,Speaking in Strings
Mandy Patinkin,Lulu on the Bridge
Mandy Patinkin,Hercules
Mandy Patinkin,Men with Guns
Mandy Patinkin,The Hunchback
Mandy Patinkin,Broken Glass
Mandy Patinkin,The Rosie O'Donnell Show
Mandy Patinkin,Squanto: A Warrior's Tale
Mandy Patinkin,Touched by an Angel
Mandy Patinkin,Chicago Hope
Wallace Shawn,Personal Info
Christopher Guest,Nina Conti: Her Master's Voice
Chris Sarandon,The Princess Bride
Chris Sarandon,Frankenstein
Chris Sarandon,Liberty
Chris Sarandon,This Child Is Mine
Chris Sarandon,Fright Night
Chris Sarandon,Protocol
Chris Sarandon,The Osterman Weekend
Chris Sarandon,Broken Promise
Chris Sarandon,A Tale of Two Cities
Chris Sarandon,The Day Christ Died
Chris Sarandon,Cuba
Chris Sarandon,You Can't Go Home Again
Chris Sarandon,The Sentinel
Chris Sarandon,Lipstick
Chris Sarandon,Dog Day Afternoon
Chris Sarandon,Thursday's Game
Chris Sarandon,The Satan Murders
Peter Falk,A Town Without Christmas
Peter Falk,Corky Romano
Peter Falk,Good Day Live
Peter Falk,Made
Peter Falk,Hubert's Brain
Peter Falk,Enemies of Laughter
Peter Falk,Lakeboat
Peter Falk,A Storm in Summer
Peter Falk,From Where I Sit
Peter Falk,A Constant Forge
Peter Falk,Money Kings
Peter Falk,Ashes to Ashes
Peter Falk,Vivement dimanche
Peter Falk,The View
Peter Falk,Pronto
Peter Falk,Frank Capra's American Dream
Peter Falk,The Sunshine Boys
Peter Falk,John Cassavetes: To Risk Everything to Express It All
Peter Falk,Roommates
Peter Falk,Cops n Roberts
Peter Falk,The World of Jim Henson
Peter Falk,Inside the Actors Studio
Peter Falk,Exclusiv - Das Star-Magazin
Peter Falk,Out of the Shadows: The Films of John Cassavetes
Peter Falk,Late Night with Conan O'Brien
Peter Falk,Anything for John
Peter Falk,"Faraway, So Close!"
Peter Falk,The Larry Sanders Show
Peter Falk,The Player
Peter Falk,Something a Little Less Serious: A Tribute to 'It's a Mad Mad Mad Mad World'
André Roussimoff,WWE: The Top 25 Rivalries in Wrestling History
André Roussimoff,Bret Hart: The Dungeon Collection
André Roussimoff,The Real Rocky
André Roussimoff,The True Story of WrestleMania
André Roussimoff,WWE: Top 50 Superstars of All Time
André Roussimoff,WWE: Legends of Wrestling - Andre the Giant and Iron Sheik
André Roussimoff,WWE: Hulk Hogan's Unreleased Collector's Series
André Roussimoff,Macho Madness - The Randy Savage Ultimate Collection
André Roussimoff,WWE: The Best of Saturday Night's Main Event
André Roussimoff,"Mid-South Wrestling Giants, Midgets, Heroes & Villains"
André Roussimoff,WWE: Hulk Hogan: The Ultimate Anthology
André Roussimoff,WWE: The History Of The WWE Championship
André Roussimoff,Born to Controversy - The Roddy Piper Story
André Roussimoff,WWE: Wrestlemania Recall
André Roussimoff,WWE: Andre The Giant
André Roussimoff,Hollywood Hulk Hogan: Hulk Still Rules
André Roussimoff,Andre the Giant: Larger than Life
André Roussimoff,WWF: Best of Wrestlemania I-XIV
André Roussimoff,The Life And Times of Paul Boesch
André Roussimoff,Trading Mom
André Roussimoff,The History Of WrestleMania
André Roussimoff,WWE Raw
André Roussimoff,AJPW October Giant Series 1992 - Day 17
André Roussimoff,WCW Clash of The Champions XX: 20th Anniversary
André Roussimoff,WWE World Tour 1992
André Roussimoff,WWF: Best of Hulkamania
André Roussimoff,WWE SummerSlam 1991
André Roussimoff,WWE World Tour 1991
André Roussimoff,WWE U.K. Rampage 1991
André Roussimoff,WWE WrestleMania VII
André Roussimoff,The Ultimate Warrior
André Roussimoff,WWF/AJPW/NJPW Wrestling Summit
André Roussimoff,WWE WrestleMania VI
André Roussimoff,WWE The Ultimate Challenge Special: The March to WrestleMania VI
André Roussimoff,WWE Royal Rumble 1990
André Roussimoff,WWE Survivor Series 1989
André Roussimoff,Hulkamania 4
André Roussimoff,WWE SummerSlam 1989
André Roussimoff,WWE WrestleMania V
André Roussimoff,WWE Royal Rumble 1989
André Roussimoff,WWE Survivor Series 1988
André Roussimoff,WWE SummerSlam 1988
André Roussimoff,Hulkamania 3
André Roussimoff,WWE WrestleFest
André Roussimoff,WWE WrestleMania IV
André Roussimoff,WWE The Main Event
André Roussimoff,WWE The Main Event
André Roussimoff,WWE Survivor Series 1987
André Roussimoff,The Princess Bride
André Roussimoff,WWF Hulkamania 2
André Roussimoff,WWE WrestleMania III
Mandy Patinkin,The Music of Chance
Mandy Patinkin,Life with Mikey
Mandy Patinkin,The Doctor
Mandy Patinkin,Madonna: Truth or Dare
Mandy Patinkin,Impromptu
Mandy Patinkin,True Colors
Mandy Patinkin,Performance
Mandy Patinkin,Law & Order
Mandy Patinkin,Dick Tracy
Mandy Patinkin,The Simpsons
Mandy Patinkin,Alien Nation
Mandy Patinkin,American Experience
Mandy Patinkin,LIVE with Kelly and Mark
Mandy Patinkin,The House on Carroll Street
Mandy Patinkin,The Princess Bride
Mandy Patinkin,Sunday in the Park with George
Mandy Patinkin,Follies: In Concert
Mandy Patinkin,Maxie
Mandy Patinkin,To Be Hamlet
Mandy Patinkin,Yentl
Mandy Patinkin,Daniel
Mandy Patinkin,Ragtime
Mandy Patinkin,Night of the Juggler
Mandy Patinkin,French Postcards
Mandy Patinkin,Last Embrace
Mandy Patinkin,Charleston
Mandy Patinkin,The Big Fix
Mandy Patinkin,Taxi
Mandy Patinkin,Great Performances
Mandy Patinkin,Tony Awards
Robin Wright,Personal Info
Wallace Shawn,Known For
Wallace Shawn,Known Credits
Wallace Shawn,Gender
Wallace Shawn,Birthday
Wallace Shawn,Place of Birth
Wallace Shawn,Also Known As
Wallace Shawn,Toy Story
Wallace Shawn,Toy Story 3
Wallace Shawn,Toy Story 2
Wallace Shawn,The Incredibles
Wallace Shawn,Marriage Story
Wallace Shawn,The Princess Bride
Wallace Shawn,Toy Story 4
Wallace Shawn,Partysaurus Rex
Wallace Shawn,The Addams Family 2
Wallace Shawn,Gossip Girl
Wallace Shawn,Waiting for Godot
Wallace Shawn,Rifkin's Festival
Wallace Shawn,A Virtual Princess Bride Reunion
Wallace Shawn,Timmy Failure: Mistakes Were Made
Wallace Shawn,Forky Asks a Question: What Is Time?
Wallace Shawn,Marriage Story
Wallace Shawn,Evil
Wallace Shawn,Toy Story 4
Wallace Shawn,Amphibia
Wallace Shawn,What We Left Behind: Looking Back at Star Trek: Deep Space Nine
Wallace Shawn,Summer Camp Island
Wallace Shawn,Big City Greens
Wallace Shawn,Book Club
Wallace Shawn,Another Kind of Wedding
Wallace Shawn,Young Sheldon
Wallace Shawn,Cop and a Half: New Recruit
Wallace Shawn,The Only Living Boy in New York
Wallace Shawn,Animal Crackers
Wallace Shawn,The Good Fight
Wallace Shawn,Search Party
Peter Falk,Tune in Tomorrow...
Peter Falk,Sanford Meisner: The American Theatre's Best Kept Secret
Peter Falk,Motion and Emotion: The Films of Wim Wenders
Peter Falk,In the Spirit
Peter Falk,Cookie
Peter Falk,Arena - John Cassavetes
Peter Falk,LIVE with Kelly and Mark
Peter Falk,Vibes
Peter Falk,Seitenblicke
Peter Falk,The Princess Bride
Peter Falk,Happy New Year
Peter Falk,Wings of Desire
Peter Falk,American Masters
Peter Falk,Big Trouble
Peter Falk,Reading Rainbow
Peter Falk,I Love Liberty
Peter Falk,Night of 100 Stars
Peter Falk,Champs-Elysées
Peter Falk,Shoot Don't Shoot
Peter Falk,The Great Muppet Caper
Peter Falk,...All the Marbles
Peter Falk,"Wetten, dass..?"
Peter Falk,The In-Laws
Peter Falk,The Muppets Go Hollywood
Peter Falk,The Brink's Job
Peter Falk,Scared Straight!
Peter Falk,The Cheap Detective
Peter Falk,Opening Night
André Roussimoff,WWE's Inside the Steel Cage
André Roussimoff,WWF Wrestling Challenge
André Roussimoff,WWE The Big Event
André Roussimoff,WWE Villains of The Squared Circle
André Roussimoff,WrestleMania II
Robin Wright,Known For
Robin Wright,Known Credits
Robin Wright,Gender
Robin Wright,Birthday
Robin Wright,Place of Birth
Robin Wright,Also Known As
Robin Wright,Forrest Gump
Robin Wright,Wonder Woman
Robin Wright,Unbreakable
Robin Wright,Blade Runner 2049
Robin Wright,The Princess Bride
Robin Wright,Wonder Woman 1984
Robin Wright,The Girl with the Dragon Tattoo
Robin Wright,House of Cards
Robin Wright,Damsel
Robin Wright,Here
Robin Wright,Devil's Peak
Robin Wright,A Farewell to Ozark
Robin Wright,Zack Snyder's Justice League
Robin Wright,Land
Robin Wright,Wonder Woman 1984
Robin Wright,First Ladies
Robin Wright,Andre the Giant
Robin Wright,Justice League
Robin Wright,Blade Runner 2049
Robin Wright,Wonder Woman
Robin Wright,Everest
Robin Wright,When Elephants Fight
Robin Wright,A Most Wanted Man
Robin Wright,Until We Could
Robin Wright,The Tonight Show Starring Jimmy Fallon
Robin Wright,The Congress
Robin Wright,Adore
Robin Wright,House of Cards
Robin Wright,True Love: The Princess Bride Phenomenon
Wallace Shawn,Maggie's Plan
Wallace Shawn,Starring Austin Pendleton
Wallace Shawn,Toy Story at 20: To Infinity and Beyond
Wallace Shawn,Club Penguin Halloween Panic!
Wallace Shawn,Robo-Dog
Wallace Shawn,Life in Pieces
Wallace Shawn,Club Penguin Monster Beach Party
Wallace Shawn,Mr. Robot
Wallace Shawn,Christmas at Cartwright's
Wallace Shawn,Toy Story That Time Forgot
Wallace Shawn,The Fog of Courage
Wallace Shawn,The Mysteries of Laura
Wallace Shawn,BoJack Horseman
Wallace Shawn,The 7D
Wallace Shawn,The Night Shift
Wallace Shawn,Don Peyote
Wallace Shawn,The Double
Wallace Shawn,Mozart in the Jungle
Wallace Shawn,A Master Builder
Wallace Shawn,Toy Story of Terror!
Wallace Shawn,Andre Gregory: Before and After Dinner
Wallace Shawn,Admission
Wallace Shawn,A Late Quartet
Wallace Shawn,Partysaurus Rex
Wallace Shawn,Vamps
Wallace Shawn,Small Fry
Wallace Shawn,Hawaiian Vacation
Wallace Shawn,The Speed of Thought
Wallace Shawn,Regular Show
Wallace Shawn,Fish Hooks
Wallace Shawn,Cats & Dogs: The Revenge of Kitty Galore
Wallace Shawn,Toy Story 3
Wallace Shawn,Furry Vengeance
Wallace Shawn,Buzz Lightyear Mission Logs
Peter Falk,Mikey and Nicky
Peter Falk,Murder by Death
Peter Falk,Griffin and Phoenix
Peter Falk,30 millions d'amis
Peter Falk,Les Rendez-vous du dimanche
Peter Falk,A Woman Under the Influence
Peter Falk,The Dean Martin Celebrity Roasts
André Roussimoff,The Life and Times of Captain Lou Albano
André Roussimoff,Andre the Giant
André Roussimoff,Rowdy Roddy Piper's Greatest Hits
André Roussimoff,I Like To Hurt People
André Roussimoff,Saturday Night's Main Event
André Roussimoff,WrestleMania
André Roussimoff,WWF Prime Time Wrestling
André Roussimoff,Best of the WWF Volume 2
André Roussimoff,The WWF's Most Unusual Matches
André Roussimoff,"Wrestling's Bloopers, Bleeps and Bodyslams!"
André Roussimoff,Best of the WWF Volume 1
André Roussimoff,"WWF's Biggest, Smallest, Strangest, Strongest"
André Roussimoff,Micki + Maude
André Roussimoff,Conan the Destroyer
André Roussimoff,NJPW IWGP Championship League 1983 - Day 1
André Roussimoff,WCCW Fritz Von Erich Retirement Show
André Roussimoff,WWE Showdown at Shea '80
André Roussimoff,NWA The Last Tangle in Tampa
André Roussimoff,The Six Million Dollar Man
André Roussimoff,The Wrestling Queen
André Roussimoff,Casse-tête chinois pour le judoka
Robin Wright,Final Cut: Ladies and Gentlemen
Robin Wright,The Girl with the Dragon Tattoo
Robin Wright,Rampart
Robin Wright,Moneyball
Robin Wright,The Conspirator
Robin Wright,I'm Still Here
Robin Wright,A Christmas Carol
Robin Wright,The Private Lives of Pippa Lee
Robin Wright,State of Play
Robin Wright,What Just Happened
Robin Wright,"New York, I Love You"
Robin Wright,Beowulf
Robin Wright,Hounddog
Robin Wright,Breaking and Entering
Robin Wright,Room 10
Robin Wright,The Colbert Report
Robin Wright,"Sorry, Haters"
Robin Wright,Nine Lives
Robin Wright,Empire Falls
Robin Wright,The Late Late Show with Craig Ferguson
Robin Wright,A Home at the End of the World
Robin Wright,The Singing Detective
Robin Wright,Virgin
Robin Wright,White Oleander
Robin Wright,Searching for Debra Winger
Robin Wright,How to Kill Your Neighbor's Dog
Robin Wright,Richard & Judy
Robin Wright,The Last Castle
Wallace Shawn,Jack and the Beanstalk
Wallace Shawn,The Good Wife
Wallace Shawn,Capitalism: A Love Story
Wallace Shawn,The Windmill Movie
Wallace Shawn,André Gregory and Wallace Shawn
Wallace Shawn,Life on Mars
Peter Falk,The American Film Institute Salute to ...
Peter Falk,Ransom for a Dead Man
Peter Falk,Columbo
Peter Falk,V.I.P. Schaukel
Peter Falk,The Making of 'Husbands'
Peter Falk,A Step Out of Line
Peter Falk,Husbands
Peter Falk,Treffpunkte
Peter Falk,Operation Snafu
Peter Falk,Castle Keep
Peter Falk,Machine Gun McCain
Peter Falk,The Name of the Game
Peter Falk,Anzio
Peter Falk,The Dick Cavett Show
Peter Falk,A Hatful of Rain
Peter Falk,Prescription: Murder
Robin Wright,As You Wish: The Story of 'The Princess Bride'
Robin Wright,The Pledge
Robin Wright,Unbreakable
Robin Wright,Message in a Bottle
Robin Wright,Hurlyburly
Robin Wright,Loved
Robin Wright,She's So Lovely
Robin Wright,The Daily Show
Robin Wright,Moll Flanders
Robin Wright,The Crossing Guard
Robin Wright,Through the Eyes of Forrest Gump
Robin Wright,Forrest Gump
Robin Wright,Toys
Robin Wright,The Playboys
Robin Wright,State of Grace
Robin Wright,Denial
Robin Wright,LIVE with Kelly and Mark
Robin Wright,The Princess Bride
Robin Wright,Hollywood Vice Squad
Robin Wright,Santa Barbara
Wallace Shawn,Scooby-Doo! and the Goblin King
Wallace Shawn,Kit Kittredge: An American Girl
Wallace Shawn,USIDent TV: Surveilling the Southland
Wallace Shawn,Gossip Girl
Wallace Shawn,The Pixar Story
Wallace Shawn,I Could Never Be Your Woman
Wallace Shawn,Strange Culture
Wallace Shawn,Happily N'Ever After
Wallace Shawn,Air Buddies
Wallace Shawn,Tom and Jerry: Shiver Me Whiskers
Wallace Shawn,Eureka
Wallace Shawn,Southland Tales
Wallace Shawn,Howard Zinn: Voices of a People's History of the United States
Wallace Shawn,Chicken Little
Wallace Shawn,Fat Actress
Wallace Shawn,Karroll's Christmas
Wallace Shawn,Melinda and Melinda
Wallace Shawn,The Incredibles
Wallace Shawn,Desperate Housewives
Wallace Shawn,The L Word
Wallace Shawn,Teacher's Pet
Wallace Shawn,The Haunted Mansion
Wallace Shawn,Duplex
Wallace Shawn,Monte Walsh
Wallace Shawn,Personal Velocity
Peter Falk,Rowan & Martin's Laugh-In
Peter Falk,Luv
Peter Falk,Penelope
Peter Falk,Brigadoon
Peter Falk,Too Many Thieves
Peter Falk,Goldene Kamera Verleihung
Peter Falk,The Trials of O'Brien
Peter Falk,The Great Race
Peter Falk,Attack and Retreat
Peter Falk,Robin and the 7 Hoods
Peter Falk,"It's a Mad, Mad, Mad, Mad World"
Peter Falk,The Danny Kaye Show
Peter Falk,The Jerry Lewis Show
Peter Falk,The Balcony
Peter Falk,Pressure Point
Peter Falk,The Tonight Show Starring Johnny Carson
Peter Falk,The Merv Griffin Show
Peter Falk,Jackie Gleason and His American Scene Magazine
Peter Falk,The Alfred Hitchcock Hour
Peter Falk,Pocketful of Miracles
Peter Falk,The New Breed
Peter Falk,Ben Casey
Peter Falk,Target: The Corruptors!
Peter Falk,Dr. Kildare
Peter Falk,The Dick Powell Show
Peter Falk,87th Precinct
Peter Falk,The DuPont Show of the Week
Peter Falk,The Secret Of The Purple Reef
Peter Falk,The Law and Mr. Jones
Rob Reiner,Personal Info
Robin Wright,The Yellow Rose
Robin Wright,Devil's Peak
Robin Wright,Land
Robin Wright,The Congress
Robin Wright,House of Cards
Robin Wright,Hounddog
Robin Wright,Land
Robin Wright,Ozark
Robin Wright,The Dark of Night
Robin Wright,House of Cards
Wallace Shawn,"Monsters, Inc."
Wallace Shawn,Law & Order: Criminal Intent
Wallace Shawn,Crossing Jordan
Wallace Shawn,As You Wish: The Story of 'The Princess Bride'
Wallace Shawn,The Curse of the Jade Scorpion
Wallace Shawn,Blonde
Wallace Shawn,The Prime Gig
Wallace Shawn,Teacher's Pet
Wallace Shawn,Buzz Lightyear of Star Command: The Adventure Begins
Wallace Shawn,Toy Story 2
Wallace Shawn,Law & Order: Special Victims Unit
Wallace Shawn,My Favorite Martian
Wallace Shawn,Family Guy
Wallace Shawn,The Diary of the Hurdy-Gurdy Man
Wallace Shawn,Noah
Wallace Shawn,The Jungle Book: Mowgli's Story
Wallace Shawn,The Lionhearts
Wallace Shawn,Sex and the City
Wallace Shawn,Critical Care
Wallace Shawn,The Wonderful World of Disney
Wallace Shawn,Ally McBeal
Wallace Shawn,Stargate SG-1
Wallace Shawn,Just Write
Wallace Shawn,Vegas Vacation
Wallace Shawn,King of the Hill
Wallace Shawn,The Story Behind 'Toy Story'
Wallace Shawn,House Arrest
Wallace Shawn,All Dogs Go to Heaven 2
Peter Falk,The Islanders
Peter Falk,The Witness
Peter Falk,The Barbara Stanwyck Show
Peter Falk,The Aquanauts
Rob Reiner,Known For
Rob Reiner,Known Credits
Rob Reiner,Gender
Rob Reiner,Birthday
Rob Reiner,Place of Birth
Rob Reiner,Also Known As
Rob Reiner,The Wolf of Wall Street
Rob Reiner,This Is Spinal Tap
Rob Reiner,Misery
Rob Reiner,Sleepless in Seattle
Rob Reiner,Everyone's Hero
Rob Reiner,The Story of Us
Rob Reiner,Edtv
Rob Reiner,Throw Momma from the Train
Rob Reiner,"Nationale IQ test, De"
Rob Reiner,Spinal Tap II
Rob Reiner,Albert Brooks: Defending My Life
Rob Reiner,Being Mary Tyler Moore
Rob Reiner,Norman Lear: 100 Years of Music and Laughter
Rob Reiner,Family Squares
Rob Reiner,The Super Bob Einstein Movie
Rob Reiner,A Virtual Princess Bride Reunion
Rob Reiner,Home Movie: The Princess Bride
Rob Reiner,Time Warp Vol. 3: Comedy and Camp
Rob Reiner,Hollywood
Rob Reiner,Time Warp Vol. 1: Midnight Madness
Rob Reiner,Shock and Awe
Rob Reiner,Firing Line with Margaret Hoover
Cary Elwes,Personal Info
Cary Elwes,Known For
Cary Elwes,Known Credits
Cary Elwes,Gender
Cary Elwes,Birthday
William Goldman,Personal Info
Wallace Shawn,Toy Story Treats
Wallace Shawn,Toy Story
Wallace Shawn,Just Like Dad
Wallace Shawn,Clueless
Wallace Shawn,Napoleon
Wallace Shawn,Canadian Bacon
Wallace Shawn,The Wife
Wallace Shawn,A Goofy Movie
Wallace Shawn,Vanya on 42nd Street
Wallace Shawn,Mrs. Parker and the Vicious Circle
Wallace Shawn,The Nanny
Wallace Shawn,The Pink Panther
Wallace Shawn,The Meteor Man
Wallace Shawn,The Cemetery Club
Wallace Shawn,Homicide: Life on the Street
Wallace Shawn,Star Trek: Deep Space Nine
Wallace Shawn,The Double 0 Kid
Wallace Shawn,Mom and Dad Save the World
Wallace Shawn,The Magic Bubble
Wallace Shawn,Nickel & Dime
Wallace Shawn,Shadows and Fog
Wallace Shawn,The Simpsons
Wallace Shawn,Scenes from the Class Struggle in Beverly Hills
Wallace Shawn,We're No Angels
Wallace Shawn,She's Out of Control
Wallace Shawn,The Moderns
Wallace Shawn,The Princess Bride
Wallace Shawn,Prick Up Your Ears
Wallace Shawn,Nice Girls Don't Explode
Wallace Shawn,Radio Days
Wallace Shawn,The Bedroom Window
Peter Falk,"Murder, Inc."
Peter Falk,Pretty Boy Floyd
Peter Falk,The Untouchables
Peter Falk,Play of the Week
Peter Falk,The Twilight Zone
Peter Falk,Deadline
Peter Falk,New York Confidential
Peter Falk,The Bloody Brood
Peter Falk,Naked City
Peter Falk,Wind Across the Everglades
Peter Falk,Decoy
Peter Falk,Wagon Train
Peter Falk,"Have Gun, Will Travel"
Peter Falk,Tony Awards
Peter Falk,Alfred Hitchcock Presents
Peter Falk,The Red Skelton Show
Peter Falk,Armstrong Circle Theatre
Peter Falk,Robert Montgomery Presents
Peter Falk,Studio One
Peter Falk,Bambi Awards
Peter Falk,Columbo
Peter Falk,Columbo
Peter Falk,Columbo
Rob Reiner,Andre the Giant
Rob Reiner,The Beat with Ari Melber
Rob Reiner,The Jim Jefferies Show
Rob Reiner,Sandy Wexler
Rob Reiner,The Good Fight
Rob Reiner,The History of Comedy
Rob Reiner,The Last Laugh
Rob Reiner,Norman Lear: Just Another Version of You
Cary Elwes,Place of Birth
Cary Elwes,Also Known As
Cary Elwes,Saw
Cary Elwes,The Princess Bride
Cary Elwes,Robin Hood: Men in Tights
Cary Elwes,Liar Liar
Cary Elwes,No Strings Attached
Cary Elwes,Hot Shots!
Cary Elwes,Twister
Cary Elwes,A Christmas Carol
Cary Elwes,Knuckles
Cary Elwes,Wonder Woman
Cary Elwes,The Ministry of Ungentlemanly Warfare
Cary Elwes,Butterfly in the Typewriter
Cary Elwes,Rebel Moon - Part Two: The Scargiver
Cary Elwes,Rebel Moon - Part One: A Child of Fire
Cary Elwes,Mission: Impossible - Dead Reckoning Part One
Cary Elwes,Sweetwater
Cary Elwes,BlackBerry
Cary Elwes,Operation Fortune: Ruse de Guerre
Cary Elwes,The Hyperions
Cary Elwes,Last Train to Christmas
Cary Elwes,A Castle for Christmas
Cary Elwes,Burning at Both Ends
Cary Elwes,Best Sellers
Cary Elwes,The Unholy
Cary Elwes,The Golden Hour: Making of Days of Thunder
Cary Elwes,A Virtual Princess Bride Reunion
Cary Elwes,Home Movie: The Princess Bride
Cary Elwes,The Happy Days of Garry Marshall
Cary Elwes,Black Christmas
Cary Elwes,Why Not Choose Love: A Mary Pickford Manifesto
Cary Elwes,Ghost Light
Cary Elwes,Billionaire Boys Club
Cary Elwes,Andre the Giant
Cary Elwes,And the Winner Isn't
William Goldman,Known For
William Goldman,Known Credits
William Goldman,Gender
Wallace Shawn,Head Office
Wallace Shawn,Heaven Help Us
Wallace Shawn,Micki + Maude
Wallace Shawn,How to Be a Perfect Person in Just Three Days
Wallace Shawn,The Cosby Show
Wallace Shawn,My Dinner with Louis
Wallace Shawn,The Bostonians
Wallace Shawn,The Hotel New Hampshire
Wallace Shawn,Crackers
Wallace Shawn,Saigon: Year Of The Cat
Wallace Shawn,Deal of the Century
Wallace Shawn,Strange Invaders
Wallace Shawn,The First Time
Wallace Shawn,Lovesick
Wallace Shawn,A Little Sex
Wallace Shawn,My Dinner with Andre
Wallace Shawn,Strong Medicine
Wallace Shawn,Cheaper to Keep Her
Wallace Shawn,Atlantic City
Wallace Shawn,Simon
Wallace Shawn,All That Jazz
Wallace Shawn,Starting Over
Wallace Shawn,Manhattan
Wallace Shawn,Taxi
Wallace Shawn,A Master Builder
Wallace Shawn,The Fever
Wallace Shawn,Marie and Bruce
Wallace Shawn,The Designated Mourner
Wallace Shawn,My Dinner with Andre
Wallace Shawn,Our Late Night
Wallace Shawn,A Master Builder
Rob Reiner,Everything Is Copy
Rob Reiner,HAPPYish
Rob Reiner,And So It Goes
Rob Reiner,The Case Against 8
Rob Reiner,The Wolf Pack
Rob Reiner,The Tonight Show Starring Jimmy Fallon
Rob Reiner,The Wolf of Wall Street
Rob Reiner,A Night at the Movies: Hollywood Goes to Washington
Rob Reiner,True Love: The Princess Bride Phenomenon
Rob Reiner,New Girl
Rob Reiner,When Harry Met Sally 2 with Billy Crystal and Helen Mirren
Rob Reiner,These Amazing Shadows
Rob Reiner,The Fran Drescher Show
Rob Reiner,On Air
Rob Reiner,"The Television Revolution Begins: ""All in the Family"" Is On the Air"
Rob Reiner,"Those Were the Days: The Birth of ""All in the Family"""
Rob Reiner,Late Night Stars of Poker
Rob Reiner,Tussen De Oren
Rob Reiner,Wizards of Waverly Place
Rob Reiner,Knevel & Van den Brink
Rob Reiner,30 Rock
Rob Reiner,Pauw & Witteman
Rob Reiner,Everyone's Hero
Rob Reiner,Albert
Rob Reiner,Hannah Montana
Rob Reiner,De Wereld Draait Door
Rob Reiner,Hopeless Pictures
Rob Reiner,Seinfeld: How It Began
Rob Reiner,TV Revolution
Rob Reiner,Dickie Roberts: Former Child Star
Rob Reiner,The Road to The Sure Thing
Rob Reiner,Alex & Emma
Rob Reiner,Real Time with Bill Maher
Rob Reiner,Misery Loves Company
Rob Reiner,Smothered: The Censorship Struggles of the Smothers Brothers Comedy Hour
Rob Reiner,The Majestic
Rob Reiner,As You Wish: The Story of 'The Princess Bride'
Rob Reiner,Primetime Glick
Rob Reiner,How Harry Met Sally…
Rob Reiner,Joseph Had a Little Overcoat
Rob Reiner,Curb Your Enthusiasm
Rob Reiner,Walking the Tracks: The Summer of Stand by Me
Rob Reiner,The Story of Us
Rob Reiner,Stephen King: Shining in the Dark
Rob Reiner,Edtv
Rob Reiner,The Muse
Rob Reiner,Forever Hollywood
Cary Elwes,Don't Sleep
Cary Elwes,We Don't Belong Here
Cary Elwes,Sugar Mountain
Cary Elwes,The Queen of Spain
Cary Elwes,Elephant Kingdom
Cary Elwes,Stranger Things
Cary Elwes,Indiscretion
Cary Elwes,Lost & Found
Cary Elwes,The Art of More
Cary Elwes,Game Changer: The Legacy of Saw
Cary Elwes,Life in Pieces
Cary Elwes,Being Charlie
Cary Elwes,H8RZ
Cary Elwes,A Haunting in Cawdor
Cary Elwes,The Adventures of Puss in Boots
Cary Elwes,The Gettysburg Address
Cary Elwes,Teen Lust
Cary Elwes,In Security
Cary Elwes,A Bit of Bad Luck
William Goldman,Birthday
William Goldman,Day of Death
William Goldman,Place of Birth
William Goldman,Also Known As
William Goldman,Misery
William Goldman,The Princess Bride
William Goldman,Butch Cassidy and the Sundance Kid
William Goldman,All the President's Men
William Goldman,Wild Card
William Goldman,Dreamcatcher
William Goldman,Maverick
William Goldman,Chaplin
William Goldman,Home Movie: The Princess Bride
William Goldman,Wild Card
William Goldman,Dreamcatcher
William Goldman,Hearts in Atlantis
William Goldman,The General's Daughter
William Goldman,Absolute Power
William Goldman,Fierce Creatures
William Goldman,The Chamber
William Goldman,The Ghost and the Darkness
William Goldman,Maverick
William Goldman,Chaplin
William Goldman,Year of the Comet
William Goldman,Memoirs of an Invisible Man
William Goldman,Misery
Rob Reiner,Primary Colors
Rob Reiner,LateLine
Rob Reiner,The View
Rob Reiner,Mad Dog Time
Rob Reiner,The First Wives Club
Rob Reiner,E! True Hollywood Story
Rob Reiner,Blacklist: Hollywood on Trial
Rob Reiner,Bye Bye Love
Rob Reiner,Mixed Nuts
Rob Reiner,Spinal Tap: The Final Tour
Rob Reiner,Bullets Over Broadway
Rob Reiner,Frasier
Rob Reiner,Sleepless in Seattle
Rob Reiner,The Return of Spinal Tap
Rob Reiner,Bureau Kruislaan
Rob Reiner,The Larry Sanders Show
Rob Reiner,The Please Watch the Jon Lovitz Special
Rob Reiner,Morton & Hayes
Rob Reiner,Misery
Rob Reiner,The Spirit of '76
Rob Reiner,Postcards from the Edge
Rob Reiner,Partners in Life
Rob Reiner,Wie ben ik?
Cary Elwes,Behaving Badly
Cary Elwes,Beyond Beyond
Cary Elwes,Reach Me
Cary Elwes,Cosmos
Cary Elwes,Justice League: The Flashpoint Paradox
Cary Elwes,Anna Nicole
William Goldman,The Princess Bride
William Goldman,Heat
William Goldman,Butch and Sundance: The Early Days
William Goldman,Mr. Horn
William Goldman,Magic
William Goldman,A Bridge Too Far
William Goldman,Marathon Man
William Goldman,All the President's Men
William Goldman,The Great Waldo Pepper
William Goldman,The Stepford Wives
William Goldman,The Hot Rock
William Goldman,Butch Cassidy and the Sundance Kid
William Goldman,No Way to Treat a Lady
William Goldman,Harper
William Goldman,Masquerade
William Goldman,Soldier in the Rain
William Goldman,A Cinematic Life: The Art and Influence of Conrad Hall
Rob Reiner,The Simpsons
Rob Reiner,Sidewalks Entertainment
Rob Reiner,Throw Momma from the Train
Rob Reiner,It's Garry Shandling's Show
Rob Reiner,Billy Crystal: Don't Get Me Started
Rob Reiner,Johnny Appleseed
Rob Reiner,Tall Tales & Legends
Rob Reiner,The Best of John Belushi
Rob Reiner,This Is Spinal Tap
Rob Reiner,The Million Dollar Infield
Rob Reiner,Late Night with David Letterman
Rob Reiner,The Jerk
Rob Reiner,J.J. de Bom voorheen 'De Kindervriend'
Rob Reiner,CBS News Sunday Morning
Rob Reiner,More Than Friends
Rob Reiner,Free Country
Rob Reiner,America 2-Night
Rob Reiner,US Against the World
Rob Reiner,Fire Sale
Rob Reiner,Battle of the Network Stars
Rob Reiner,Good Heavens
Rob Reiner,Saturday Night Live
Rob Reiner,How Come Nobody's on Our Side?
Cary Elwes,She Loves Me Not
Cary Elwes,Horizon
Cary Elwes,The Story of Luke
Cary Elwes,Hansel and Gretel Get Baked
Cary Elwes,Rodencia and the Princess Tooth
Cary Elwes,True Love: The Princess Bride Phenomenon
Cary Elwes,The Citizen
Cary Elwes,The Oogieloves in the Big Balloon Adventure
Cary Elwes,Perception
Cary Elwes,Camilla Dickinson
Cary Elwes,New Year's Eve
Cary Elwes,Hellgate
Cary Elwes,The Adventures of Tintin
Cary Elwes,No Strings Attached
Cary Elwes,Little Murder
Cary Elwes,Saw 3D
Cary Elwes,Psych:9
Cary Elwes,Flying Lessons
Cary Elwes,As Good As Dead
Cary Elwes,A Christmas Carol
Cary Elwes,Celebrity Ghost Stories
Cary Elwes,The Alphabet Killer
Cary Elwes,The Blood Is the Life: The Making of 'Bram Stoker's Dracula'
Cary Elwes,Walk the Talk
Cary Elwes,Georgia Rule
William Goldman,Tales from the Script
William Goldman,Film Noir: Bringing Darkness to Light
William Goldman,"Telling the Truth About Lies: The Making of  ""All the President's Men"""
William Goldman,Out of the Shadows: The Man Who Was Deep Throat
Rob Reiner,The Rockford Files
Rob Reiner,Thursday's Game
Rob Reiner,Getting Together
Rob Reiner,Summertree
Rob Reiner,All in the Family
Rob Reiner,Where’s Poppa?
Rob Reiner,The Odd Couple
Rob Reiner,Halls of Anger
Rob Reiner,Room 222
Rob Reiner,The Mothers-in-Law
Rob Reiner,The Big Mouth
Rob Reiner,Enter Laughing
Rob Reiner,"Hey, Landlord"
Rob Reiner,That Girl
Rob Reiner,Batman
Rob Reiner,"Gomer Pyle, U.S.M.C."
Rob Reiner,The Hollywood Palace
Rob Reiner,The Tonight Show Starring Johnny Carson
Rob Reiner,The Mike Douglas Show
Rob Reiner,The Andy Griffith Show
Rob Reiner,Alfred Hitchcock Presents
Rob Reiner,This Is Your Life
Rob Reiner,Spinal Tap II
Rob Reiner,Albert Brooks: Defending My Life
Rob Reiner,Shock and Awe
Cary Elwes,Rachael Ray
Cary Elwes,Psych
Cary Elwes,Pucked
Cary Elwes,Haskett's Chance
Cary Elwes,Pope John Paul II
Cary Elwes,Full Disclosure Report
Cary Elwes,Saw II
Cary Elwes,Hacking Away at Saw
Cary Elwes,Edison
Cary Elwes,Neo Ned
Cary Elwes,Saw
Cary Elwes,The Riverman
Cary Elwes,Ella Enchanted
Cary Elwes,American Crime
Cary Elwes,Race Against Time
Cary Elwes,Comic Book Villains
Cary Elwes,It Ain't As Easy As It Looks... (...a.k.a. the Making of 'The Cat's Meow')
Cary Elwes,Wish You Were Dead
Cary Elwes,Uprising
Cary Elwes,As You Wish: The Story of 'The Princess Bride'
Cary Elwes,The Cat's Meow
Cary Elwes,Shadow of the Vampire
Cary Elwes,Cradle Will Rock
Cary Elwes,Law & Order: Special Victims Unit
Cary Elwes,Family Guy
Cary Elwes,Quest for Camelot
Cary Elwes,From the Earth to the Moon
Cary Elwes,The Pentagon Wars
Cary Elwes,Kiss the Girls
Cary Elwes,Liar Liar
Cary Elwes,The Informant
Cary Elwes,Twister
Cary Elwes,The Outer Limits
Cary Elwes,The Jungle Book
Cary Elwes,The Chase
Cary Elwes,The X-Files
Cary Elwes,Robin Hood: Men in Tights
William Goldman,All of What Follows Is True: The Making of 'Butch Cassidy and the Sundance Kid'
William Goldman,On Location with Gunga Din
William Goldman,Misery Loves Company
William Goldman,Butch Cassidy and the Sundance Kid: Outlaws Out of Time
William Goldman,Miss America
William Goldman,As You Wish: The Story of 'The Princess Bride'
William Goldman,Going the Distance: Remembering 'Marathon Man'
Rob Reiner,LBJ
Rob Reiner,Being Charlie
Rob Reiner,And So It Goes
Rob Reiner,The Magic of Belle Isle
Rob Reiner,8
Rob Reiner,Flipped
Rob Reiner,The Bucket List
Rob Reiner,Rumor Has It...
Rob Reiner,To Be a Father
Rob Reiner,Alex & Emma
Rob Reiner,The Story of Us
Rob Reiner,Ghosts of Mississippi
Cary Elwes,'Robin Hood: Men In Tights' – The Legend Had It Coming
Cary Elwes,The Crush
Cary Elwes,Making 'Bram Stoker's Dracula'
Cary Elwes,Bram Stoker's Dracula
Cary Elwes,Leather Jackets
Cary Elwes,Hot Shots!
Cary Elwes,Days of Thunder
Cary Elwes,Glory
Cary Elwes,Seinfeld
Cary Elwes,Never on Tuesday
Cary Elwes,The Princess Bride
Cary Elwes,Maschenka
Cary Elwes,Lady Jane
Cary Elwes,The Bride
Cary Elwes,Oxford Blues
Cary Elwes,Another Country
Cary Elwes,Yesterday's Hero
Cary Elwes,Burning at Both Ends
Cary Elwes,Elvis & Nixon
Cary Elwes,Comic Book Villains
Cary Elwes,Leather Jackets
Cary Elwes,G-Man’s Big Case #1
William Goldman,Clint Eastwood: Out of the Shadows
William Goldman,AFI's 100 Years... 100 Movies
William Goldman,Inside the Actors Studio
William Goldman,American Masters
William Goldman,The Making Of 'Butch Cassidy and the Sundance Kid'
William Goldman,Twins
William Goldman,Butch and Sundance: The Early Days
William Goldman,Good Will Hunting
Rob Reiner,The American President
Rob Reiner,Spinal Tap: The Final Tour
Rob Reiner,North
Rob Reiner,The Return of Spinal Tap
Rob Reiner,A Few Good Men
Rob Reiner,Misery
Rob Reiner,When Harry Met Sally...
Rob Reiner,The Princess Bride
Rob Reiner,Stand by Me
Rob Reiner,The Sure Thing
Rob Reiner,This Is Spinal Tap
Rob Reiner,God & Country: The Rise Of Christian Nationalism
Rob Reiner,Wind River: Rising
Rob Reiner,Albert Brooks: Defending My Life
Rob Reiner,Shock and Awe
Rob Reiner,LBJ
Rob Reiner,Being Charlie
Cary Elwes,Game Changer: The Legacy of Saw
Cary Elwes,Elvis & Nixon
Rob Reiner,And So It Goes
Rob Reiner,Flipped
Rob Reiner,The Bucket List
Rob Reiner,Alex & Emma
Rob Reiner,The Story of Us
Rob Reiner,Ghosts of Mississippi
Rob Reiner,The American President
Rob Reiner,North
Rob Reiner,A Few Good Men
Rob Reiner,Misery
Rob Reiner,When Harry Met Sally...
Rob Reiner,The Princess Bride
Rob Reiner,The Million Dollar Infield
Rob Reiner,More Than Friends
Rob Reiner,The Magic of Belle Isle
Rob Reiner,Flipped
Rob Reiner,Walking the Tracks: The Summer of Stand by Me
Rob Reiner,Spinal Tap: The Final Tour
Rob Reiner,This Is Spinal Tap
Rob Reiner,The Million Dollar Infield
Rob Reiner,More Than Friends
Rob Reiner,Free Country
Rob Reiner,Happy Days
Rob Reiner,The Super
Rob Reiner,All in the Family
Rob Reiner,Morton & Hayes
Rob Reiner,Free Country
Rob Reiner,The Super
Rob Reiner,This Is Spinal Tap
